run_timestamp_utc,num_customers_scored,best_k,segmentation_silhouette_score,segment_distribution,ensemble_anomaly_rate,ensemble_anomalies,severity_distribution,average_risk_score,high_risk_rate,risk_bucket_distribution,spend_prediction_mae,spend_prediction_rmse,spend_prediction_r2,spend_model_type
2026-03-07T22:05:49.981075+00:00,9000,3,0.3075636850450358,"{'High Value Customers': 3871, 'Low Activity Customers': 3831, 'Regular Customers': 1298}",0.0263333333333333,237,"{'Normal': 8544, 'Mildly Unusual': 219, 'Strongly Unusual': 120, 'Highly Unusual': 117}",0.4735604894392871,0.0315555555555555,"{'Medium Risk': 8321, 'Low Risk': 395, 'High Risk': 284}",1107.241225391116,2532.7360791189844,0.9985950071182748,RandomForestRegressor
2026-03-07T22:11:40.733390+00:00,9000,3,0.3075356089091275,"{'High Value Customers': 3866, 'Low Activity Customers': 3835, 'Regular Customers': 1299}",0.0262222222222222,236,"{'Normal': 8532, 'Mildly Unusual': 232, 'Strongly Unusual': 125, 'Highly Unusual': 111}",0.4735640449948426,0.031,"{'Medium Risk': 8331, 'Low Risk': 390, 'High Risk': 279}",1122.4775308655794,2768.52002419794,0.9983233042609618,RandomForestRegressor
2026-03-08T00:17:03.115984+00:00,9000,3,0.3075529949832493,"{'High Value Customers': 3863, 'Low Activity Customers': 3840, 'Regular Customers': 1297}",0.0263333333333333,237,"{'Normal': 8537, 'Mildly Unusual': 226, 'Strongly Unusual': 127, 'Highly Unusual': 110}",0.4735271561059538,0.0303333333333333,"{'Medium Risk': 8362, 'Low Risk': 365, 'High Risk': 273}",1105.566631944591,2461.515637081485,0.998666374266384,RandomForestRegressor
2026-03-08T00:51:11.320896+00:00,9000,3,0.3075636850450287,"{'High Value Customers': 3871, 'Low Activity Customers': 3831, 'Regular Customers': 1298}",0.0263333333333333,237,"{'Normal': 8544, 'Mildly Unusual': 219, 'Strongly Unusual': 120, 'Highly Unusual': 117}",0.4735604894392872,0.0315555555555555,"{'Medium Risk': 8321, 'Low Risk': 395, 'High Risk': 284}",1107.1755190144531,2531.246847350344,0.9985966588852352,RandomForestRegressor
2026-03-08T02:46:38.435077+00:00,9000,3,0.3075395921535696,"{'High Value Customers': 3869, 'Low Activity Customers': 3832, 'Regular Customers': 1299}",0.026,234,"{'Normal': 8530, 'Mildly Unusual': 236, 'Strongly Unusual': 127, 'Highly Unusual': 107}",0.4735582672170648,0.0297777777777777,"{'Medium Risk': 8351, 'Low Risk': 381, 'High Risk': 268}",1169.254715055387,2853.7750698415493,0.9981992670206118,RandomForestRegressor
2026-03-08T03:00:33.059123+00:00,9000,3,0.3075395921535696,"{'High Value Customers': 3869, 'Low Activity Customers': 3832, 'Regular Customers': 1299}",0.026,234,"{'Normal': 8530, 'Mildly Unusual': 236, 'Strongly Unusual': 127, 'Highly Unusual': 107}",0.4735582672170648,0.0297777777777777,"{'Medium Risk': 8351, 'Low Risk': 381, 'High Risk': 268}",1169.2547150553894,2853.775069841551,0.9981992670206118,RandomForestRegressor
2026-03-08T03:23:28.097435+00:00,9000,3,0.3075402012710654,"{'High Value Customers': 3871, 'Low Activity Customers': 3830, 'Regular Customers': 1299}",0.0263333333333333,237,"{'Normal': 8538, 'Mildly Unusual': 225, 'Strongly Unusual': 124, 'Highly Unusual': 113}",0.4735707116615093,0.0305555555555555,"{'Medium Risk': 8352, 'Low Risk': 373, 'High Risk': 275}",1086.943474904156,2763.62959558085,0.998305155088626,RandomForestRegressor
2026-03-09T18:13:36.524412+00:00,9000,3,0.3075402012710654,"{'High Value Customers': 3871, 'Low Activity Customers': 3830, 'Regular Customers': 1299}",0.0263333333333333,237,"{'Normal': 8538, 'Mildly Unusual': 225, 'Strongly Unusual': 124, 'Highly Unusual': 113}",0.4735707116615093,0.0305555555555555,"{'Medium Risk': 8352, 'Low Risk': 373, 'High Risk': 275}",1086.9434749041543,2763.6295955808505,0.998305155088626,RandomForestRegressor
2026-03-09T18:27:50.513300+00:00,9000,3,0.3075402012710654,"{'High Value Customers': 3871, 'Low Activity Customers': 3830, 'Regular Customers': 1299}",0.0263333333333333,237,"{'Normal': 8538, 'Mildly Unusual': 225, 'Strongly Unusual': 124, 'Highly Unusual': 113}",0.4735707116615093,0.0305555555555555,"{'Medium Risk': 8352, 'Low Risk': 373, 'High Risk': 275}",1086.9434749041568,2763.629595580846,0.998305155088626,RandomForestRegressor
2026-03-09T18:28:39.225967+00:00,9000,3,0.3075402012710654,"{'High Value Customers': 3871, 'Low Activity Customers': 3830, 'Regular Customers': 1299}",0.0263333333333333,237,"{'Normal': 8538, 'Mildly Unusual': 225, 'Strongly Unusual': 124, 'Highly Unusual': 113}",0.4735707116615093,0.0305555555555555,"{'Medium Risk': 8352, 'Low Risk': 373, 'High Risk': 275}",1086.9434749041568,2763.629595580846,0.998305155088626,RandomForestRegressor
2026-03-09T18:29:27.709792+00:00,9000,3,0.3075402012710654,"{'High Value Customers': 3871, 'Low Activity Customers': 3830, 'Regular Customers': 1299}",0.0263333333333333,237,"{'Normal': 8538, 'Mildly Unusual': 225, 'Strongly Unusual': 124, 'Highly Unusual': 113}",0.4735707116615093,0.0305555555555555,"{'Medium Risk': 8352, 'Low Risk': 373, 'High Risk': 275}",1086.9434749041568,2763.629595580846,0.998305155088626,RandomForestRegressor
2026-04-02T01:03:50.239270+00:00,9000,3,0.3075529949832493,"{'High Value Customers': 3863, 'Low Activity Customers': 3840, 'Regular Customers': 1297}",0.0263333333333333,237,"{'Normal': 8537, 'Mildly Unusual': 226, 'Strongly Unusual': 127, 'Highly Unusual': 110}",0.4735271561059538,0.0303333333333333,"{'Medium Risk': 8362, 'Low Risk': 365, 'High Risk': 273}",1105.566631944596,2461.51563708149,0.998666374266384,RandomForestRegressor
2026-04-02T01:32:50.092420+00:00,9000,3,0.3075402012710588,"{'High Value Customers': 3871, 'Low Activity Customers': 3830, 'Regular Customers': 1299}",0.0263333333333333,237,"{'Normal': 8538, 'Mildly Unusual': 225, 'Strongly Unusual': 124, 'Highly Unusual': 113}",0.4735707116615093,0.0305555555555555,"{'Medium Risk': 8352, 'Low Risk': 373, 'High Risk': 275}",1088.292465321016,2768.57488037767,0.9982990840943248,RandomForestRegressor
2026-04-02T01:44:01.710787+00:00,9000,3,0.3075402012710588,"{'High Value Customers': 3871, 'Low Activity Customers': 3830, 'Regular Customers': 1299}",0.0263333333333333,237,"{'Normal': 8538, 'Mildly Unusual': 225, 'Strongly Unusual': 124, 'Highly Unusual': 113}",0.4735707116615093,0.0305555555555555,"{'Medium Risk': 8352, 'Low Risk': 373, 'High Risk': 275}",1088.2924653210143,2768.5748803776687,0.9982990840943248,RandomForestRegressor
2026-04-02T01:50:22.657750+00:00,9000,3,0.3075395921535696,"{'High Value Customers': 3869, 'Low Activity Customers': 3832, 'Regular Customers': 1299}",0.026,234,"{'Normal': 8530, 'Mildly Unusual': 236, 'Strongly Unusual': 127, 'Highly Unusual': 107}",0.4735582672170648,0.0297777777777777,"{'Medium Risk': 8351, 'Low Risk': 381, 'High Risk': 268}",1169.2547150553855,2853.775069841548,0.9981992670206118,RandomForestRegressor
2026-04-02T02:35:45.362813+00:00,9000,3,0.3075356089091275,"{'High Value Customers': 3866, 'Low Activity Customers': 3835, 'Regular Customers': 1299}",0.0262222222222222,236,"{'Normal': 8532, 'Mildly Unusual': 232, 'Strongly Unusual': 125, 'Highly Unusual': 111}",0.4735640449948426,0.031,"{'Medium Risk': 8331, 'Low Risk': 390, 'High Risk': 279}",1122.4775308655812,2768.520024197941,0.9983233042609618,RandomForestRegressor
2026-04-03T23:52:27.252547+00:00,9000,3,0.3075395921535696,"{'High Value Customers': 3869, 'Low Activity Customers': 3832, 'Regular Customers': 1299}",0.026,234,"{'Normal': 8530, 'Mildly Unusual': 236, 'Strongly Unusual': 127, 'Highly Unusual': 107}",0.4735582672170648,0.0297777777777777,"{'Medium Risk': 8351, 'Low Risk': 381, 'High Risk': 268}",1169.2547150553874,2853.775069841553,0.9981992670206118,RandomForestRegressor
2026-04-04T00:22:24.762126+00:00,9000,3,0.3075356089091275,"{'High Value Customers': 3866, 'Low Activity Customers': 3835, 'Regular Customers': 1299}",0.0262222222222222,236,"{'Normal': 8532, 'Mildly Unusual': 232, 'Strongly Unusual': 125, 'Highly Unusual': 111}",0.4735640449948426,0.031,"{'Medium Risk': 8331, 'Low Risk': 390, 'High Risk': 279}",1122.4775308655803,2768.52002419794,0.9983233042609618,RandomForestRegressor
2026-04-04T01:02:35.956275+00:00,9000,3,0.3075636850450287,"{'High Value Customers': 3871, 'Low Activity Customers': 3831, 'Regular Customers': 1298}",0.0263333333333333,237,"{'Normal': 8544, 'Mildly Unusual': 219, 'Strongly Unusual': 120, 'Highly Unusual': 117}",0.4735604894392872,0.0315555555555555,"{'Medium Risk': 8321, 'Low Risk': 395, 'High Risk': 284}",1107.1755190144572,2531.2468473503463,0.9985966588852352,RandomForestRegressor
2026-04-04T01:56:21.635966+00:00,9000,3,0.3075529949832517,"{'High Value Customers': 3863, 'Low Activity Customers': 3840, 'Regular Customers': 1297}",0.0263333333333333,237,"{'Normal': 8537, 'Mildly Unusual': 226, 'Strongly Unusual': 127, 'Highly Unusual': 110}",0.4735271561059538,0.0303333333333333,"{'Medium Risk': 8362, 'Low Risk': 365, 'High Risk': 273}",1105.1799760396498,2461.125310612398,0.9986667971831784,RandomForestRegressor
2026-04-04T02:01:44.910467+00:00,9000,3,0.3075356089091275,"{'High Value Customers': 3866, 'Low Activity Customers': 3835, 'Regular Customers': 1299}",0.0262222222222222,236,"{'Normal': 8532, 'Mildly Unusual': 232, 'Strongly Unusual': 125, 'Highly Unusual': 111}",0.4735640449948426,0.031,"{'Medium Risk': 8331, 'Low Risk': 390, 'High Risk': 279}",1122.477530865583,2768.520024197939,0.9983233042609618,RandomForestRegressor
2026-04-04T02:49:43.225507+00:00,9000,3,0.3075636850450358,"{'High Value Customers': 3871, 'Low Activity Customers': 3831, 'Regular Customers': 1298}",0.0263333333333333,237,"{'Normal': 8544, 'Mildly Unusual': 219, 'Strongly Unusual': 120, 'Highly Unusual': 117}",0.4735604894392871,0.0315555555555555,"{'Medium Risk': 8321, 'Low Risk': 395, 'High Risk': 284}",1107.2412253911157,2532.7360791189853,0.9985950071182748,RandomForestRegressor
2026-04-04T02:59:39.162454+00:00,9000,3,0.3075402012710654,"{'High Value Customers': 3871, 'Low Activity Customers': 3830, 'Regular Customers': 1299}",0.0263333333333333,237,"{'Normal': 8538, 'Mildly Unusual': 225, 'Strongly Unusual': 124, 'Highly Unusual': 113}",0.4735707116615093,0.0305555555555555,"{'Medium Risk': 8352, 'Low Risk': 373, 'High Risk': 275}",1086.9434749041538,2763.62959558085,0.998305155088626,RandomForestRegressor
2026-04-04T03:03:12.798004+00:00,9000,3,0.3075529949832517,"{'High Value Customers': 3863, 'Low Activity Customers': 3840, 'Regular Customers': 1297}",0.0263333333333333,237,"{'Normal': 8537, 'Mildly Unusual': 226, 'Strongly Unusual': 127, 'Highly Unusual': 110}",0.4735271561059538,0.0303333333333333,"{'Medium Risk': 8362, 'Low Risk': 365, 'High Risk': 273}",1105.1799760396498,2461.1253106123945,0.9986667971831784,RandomForestRegressor
2026-04-04T04:01:29.631412+00:00,9000,3,0.3075529949832517,"{'High Value Customers': 3863, 'Low Activity Customers': 3840, 'Regular Customers': 1297}",0.0263333333333333,237,"{'Normal': 8537, 'Mildly Unusual': 226, 'Strongly Unusual': 127, 'Highly Unusual': 110}",0.4735271561059538,0.0303333333333333,"{'Medium Risk': 8362, 'Low Risk': 365, 'High Risk': 273}",1105.179976039651,2461.1253106124,0.9986667971831784,RandomForestRegressor
2026-04-04T14:39:17.453534+00:00,9000,3,0.3075395921535696,"{'High Value Customers': 3869, 'Low Activity Customers': 3832, 'Regular Customers': 1299}",0.026,234,"{'Normal': 8530, 'Mildly Unusual': 236, 'Strongly Unusual': 127, 'Highly Unusual': 107}",0.4735582672170648,0.0297777777777777,"{'Medium Risk': 8351, 'Low Risk': 381, 'High Risk': 268}",1169.2547150553885,2853.775069841548,0.9981992670206118,RandomForestRegressor
2026-04-04T15:01:11.421747+00:00,9000,3,0.3075395921535696,"{'High Value Customers': 3869, 'Low Activity Customers': 3832, 'Regular Customers': 1299}",0.026,234,"{'Normal': 8530, 'Mildly Unusual': 236, 'Strongly Unusual': 127, 'Highly Unusual': 107}",0.4735582672170648,0.0297777777777777,"{'Medium Risk': 8351, 'Low Risk': 381, 'High Risk': 268}",1169.2547150553846,2853.775069841549,0.9981992670206118,RandomForestRegressor
2026-04-04T16:01:14.389022+00:00,9000,3,0.3075529949832517,"{'High Value Customers': 3863, 'Low Activity Customers': 3840, 'Regular Customers': 1297}",0.0263333333333333,237,"{'Normal': 8537, 'Mildly Unusual': 226, 'Strongly Unusual': 127, 'Highly Unusual': 110}",0.4735271561059538,0.0303333333333333,"{'Medium Risk': 8362, 'Low Risk': 365, 'High Risk': 273}",1105.1799760396525,2461.125310612402,0.9986667971831784,RandomForestRegressor
2026-04-04T17:01:09.051017+00:00,9000,3,0.3075356089091275,"{'High Value Customers': 3866, 'Low Activity Customers': 3835, 'Regular Customers': 1299}",0.0262222222222222,236,"{'Normal': 8532, 'Mildly Unusual': 232, 'Strongly Unusual': 125, 'Highly Unusual': 111}",0.4735640449948426,0.031,"{'Medium Risk': 8331, 'Low Risk': 390, 'High Risk': 279}",1122.4775308655803,2768.5200241979387,0.9983233042609618,RandomForestRegressor
2026-04-04T18:01:15.504280+00:00,9000,3,0.3075395921535696,"{'High Value Customers': 3869, 'Low Activity Customers': 3832, 'Regular Customers': 1299}",0.026,234,"{'Normal': 8530, 'Mildly Unusual': 236, 'Strongly Unusual': 127, 'Highly Unusual': 107}",0.4735582672170648,0.0297777777777777,"{'Medium Risk': 8351, 'Low Risk': 381, 'High Risk': 268}",1169.2547150553864,2853.775069841552,0.9981992670206118,RandomForestRegressor
2026-04-04T19:01:07.703954+00:00,9000,3,0.3075529949832493,"{'High Value Customers': 3863, 'Low Activity Customers': 3840, 'Regular Customers': 1297}",0.0263333333333333,237,"{'Normal': 8537, 'Mildly Unusual': 226, 'Strongly Unusual': 127, 'Highly Unusual': 110}",0.4735271561059538,0.0303333333333333,"{'Medium Risk': 8362, 'Low Risk': 365, 'High Risk': 273}",1105.566631944594,2461.5156370814875,0.998666374266384,RandomForestRegressor
2026-04-04T20:01:14.696660+00:00,9000,3,0.3075636850450358,"{'High Value Customers': 3871, 'Low Activity Customers': 3831, 'Regular Customers': 1298}",0.0263333333333333,237,"{'Normal': 8544, 'Mildly Unusual': 219, 'Strongly Unusual': 120, 'Highly Unusual': 117}",0.4735604894392871,0.0315555555555555,"{'Medium Risk': 8321, 'Low Risk': 395, 'High Risk': 284}",1107.2412253911127,2532.7360791189844,0.9985950071182748,RandomForestRegressor
2026-04-04T21:01:08.803022+00:00,9000,3,0.3075402012710654,"{'High Value Customers': 3871, 'Low Activity Customers': 3830, 'Regular Customers': 1299}",0.0263333333333333,237,"{'Normal': 8538, 'Mildly Unusual': 225, 'Strongly Unusual': 124, 'Highly Unusual': 113}",0.4735707116615093,0.0305555555555555,"{'Medium Risk': 8352, 'Low Risk': 373, 'High Risk': 275}",1086.9434749041554,2763.6295955808496,0.998305155088626,RandomForestRegressor
2026-04-04T22:01:13.417083+00:00,9000,3,0.3075636850450287,"{'High Value Customers': 3871, 'Low Activity Customers': 3831, 'Regular Customers': 1298}",0.0263333333333333,237,"{'Normal': 8544, 'Mildly Unusual': 219, 'Strongly Unusual': 120, 'Highly Unusual': 117}",0.4735604894392872,0.0315555555555555,"{'Medium Risk': 8321, 'Low Risk': 395, 'High Risk': 284}",1107.175519014456,2531.246847350346,0.9985966588852352,RandomForestRegressor
2026-04-04T23:01:07.986167+00:00,9000,3,0.3075395921535696,"{'High Value Customers': 3869, 'Low Activity Customers': 3832, 'Regular Customers': 1299}",0.026,234,"{'Normal': 8530, 'Mildly Unusual': 236, 'Strongly Unusual': 127, 'Highly Unusual': 107}",0.4735582672170648,0.0297777777777777,"{'Medium Risk': 8351, 'Low Risk': 381, 'High Risk': 268}",1169.2547150553876,2853.7750698415502,0.9981992670206118,RandomForestRegressor
2026-04-05T00:01:10.949895+00:00,9000,3,0.3075636850450358,"{'High Value Customers': 3871, 'Low Activity Customers': 3831, 'Regular Customers': 1298}",0.0263333333333333,237,"{'Normal': 8544, 'Mildly Unusual': 219, 'Strongly Unusual': 120, 'Highly Unusual': 117}",0.4735604894392871,0.0315555555555555,"{'Medium Risk': 8321, 'Low Risk': 395, 'High Risk': 284}",1107.241225391116,2532.7360791189813,0.9985950071182748,RandomForestRegressor
2026-04-05T01:01:17.786077+00:00,9000,3,0.3075636850450358,"{'High Value Customers': 3871, 'Low Activity Customers': 3831, 'Regular Customers': 1298}",0.0263333333333333,237,"{'Normal': 8544, 'Mildly Unusual': 219, 'Strongly Unusual': 120, 'Highly Unusual': 117}",0.4735604894392871,0.0315555555555555,"{'Medium Risk': 8321, 'Low Risk': 395, 'High Risk': 284}",1107.2412253911136,2532.736079118985,0.9985950071182748,RandomForestRegressor
2026-04-05T02:01:21.277980+00:00,9000,3,0.3075636850450287,"{'High Value Customers': 3871, 'Low Activity Customers': 3831, 'Regular Customers': 1298}",0.0263333333333333,237,"{'Normal': 8544, 'Mildly Unusual': 219, 'Strongly Unusual': 120, 'Highly Unusual': 117}",0.4735604894392872,0.0315555555555555,"{'Medium Risk': 8321, 'Low Risk': 395, 'High Risk': 284}",1107.1755190144545,2531.246847350344,0.9985966588852352,RandomForestRegressor
2026-04-05T02:10:57.880790+00:00,9000,3,0.3075529949832493,"{'High Value Customers': 3863, 'Low Activity Customers': 3840, 'Regular Customers': 1297}",0.0263333333333333,237,"{'Normal': 8537, 'Mildly Unusual': 226, 'Strongly Unusual': 127, 'Highly Unusual': 110}",0.4735271561059538,0.0303333333333333,"{'Medium Risk': 8362, 'Low Risk': 365, 'High Risk': 273}",1105.5666319445943,2461.5156370814866,0.998666374266384,RandomForestRegressor
2026-04-05T03:01:37.349750+00:00,9000,3,0.3075402012710654,"{'High Value Customers': 3871, 'Low Activity Customers': 3830, 'Regular Customers': 1299}",0.0263333333333333,237,"{'Normal': 8538, 'Mildly Unusual': 225, 'Strongly Unusual': 124, 'Highly Unusual': 113}",0.4735707116615093,0.0305555555555555,"{'Medium Risk': 8352, 'Low Risk': 373, 'High Risk': 275}",1086.9434749041568,2763.6295955808496,0.998305155088626,RandomForestRegressor
2026-04-05T03:15:41.162288+00:00,9000,3,0.3075402012710588,"{'High Value Customers': 3871, 'Low Activity Customers': 3830, 'Regular Customers': 1299}",0.0263333333333333,237,"{'Normal': 8538, 'Mildly Unusual': 225, 'Strongly Unusual': 124, 'Highly Unusual': 113}",0.4735707116615093,0.0305555555555555,"{'Medium Risk': 8352, 'Low Risk': 373, 'High Risk': 275}",1088.2924653210162,2768.57488037767,0.9982990840943248,RandomForestRegressor
2026-04-05T03:27:36.717852+00:00,9000,3,0.3075402012710654,"{'High Value Customers': 3871, 'Low Activity Customers': 3830, 'Regular Customers': 1299}",0.0263333333333333,237,"{'Normal': 8538, 'Mildly Unusual': 225, 'Strongly Unusual': 124, 'Highly Unusual': 113}",0.4735707116615093,0.0305555555555555,"{'Medium Risk': 8352, 'Low Risk': 373, 'High Risk': 275}",1086.9434749041584,2763.62959558085,0.998305155088626,RandomForestRegressor
2026-04-05T03:42:58.528719+00:00,9000,3,0.3075636850450287,"{'High Value Customers': 3871, 'Low Activity Customers': 3831, 'Regular Customers': 1298}",0.0263333333333333,237,"{'Normal': 8544, 'Mildly Unusual': 219, 'Strongly Unusual': 120, 'Highly Unusual': 117}",0.4735604894392872,0.0315555555555555,"{'Medium Risk': 8321, 'Low Risk': 395, 'High Risk': 284}",1107.175519014453,2531.246847350345,0.9985966588852352,RandomForestRegressor
2026-04-05T04:01:40.649939+00:00,9000,3,0.3075402012710654,"{'High Value Customers': 3871, 'Low Activity Customers': 3830, 'Regular Customers': 1299}",0.0263333333333333,237,"{'Normal': 8538, 'Mildly Unusual': 225, 'Strongly Unusual': 124, 'Highly Unusual': 113}",0.4735707116615093,0.0305555555555555,"{'Medium Risk': 8352, 'Low Risk': 373, 'High Risk': 275}",1086.943474904157,2763.6295955808514,0.998305155088626,RandomForestRegressor
2026-04-05T05:01:21.050823+00:00,9000,3,0.3075529949832517,"{'High Value Customers': 3863, 'Low Activity Customers': 3840, 'Regular Customers': 1297}",0.0263333333333333,237,"{'Normal': 8537, 'Mildly Unusual': 226, 'Strongly Unusual': 127, 'Highly Unusual': 110}",0.4735271561059538,0.0303333333333333,"{'Medium Risk': 8362, 'Low Risk': 365, 'High Risk': 273}",1105.1799760396489,2461.125310612399,0.9986667971831784,RandomForestRegressor
2026-04-05T06:01:18.790193+00:00,9000,3,0.3075636850450287,"{'High Value Customers': 3871, 'Low Activity Customers': 3831, 'Regular Customers': 1298}",0.0263333333333333,237,"{'Normal': 8544, 'Mildly Unusual': 219, 'Strongly Unusual': 120, 'Highly Unusual': 117}",0.4735604894392872,0.0315555555555555,"{'Medium Risk': 8321, 'Low Risk': 395, 'High Risk': 284}",1107.175519014458,2531.246847350348,0.9985966588852352,RandomForestRegressor
2026-04-05T07:01:17.651897+00:00,9000,3,0.3075395921535696,"{'High Value Customers': 3869, 'Low Activity Customers': 3832, 'Regular Customers': 1299}",0.026,234,"{'Normal': 8530, 'Mildly Unusual': 236, 'Strongly Unusual': 127, 'Highly Unusual': 107}",0.4735582672170648,0.0297777777777777,"{'Medium Risk': 8351, 'Low Risk': 381, 'High Risk': 268}",1169.254715055387,2853.775069841553,0.9981992670206118,RandomForestRegressor
2026-04-05T08:01:17.794859+00:00,9000,3,0.3075529949832493,"{'High Value Customers': 3863, 'Low Activity Customers': 3840, 'Regular Customers': 1297}",0.0263333333333333,237,"{'Normal': 8537, 'Mildly Unusual': 226, 'Strongly Unusual': 127, 'Highly Unusual': 110}",0.4735271561059538,0.0303333333333333,"{'Medium Risk': 8362, 'Low Risk': 365, 'High Risk': 273}",1105.566631944596,2461.515637081489,0.998666374266384,RandomForestRegressor
2026-04-05T09:01:15.064417+00:00,9000,3,0.3075356089091275,"{'High Value Customers': 3866, 'Low Activity Customers': 3835, 'Regular Customers': 1299}",0.0262222222222222,236,"{'Normal': 8532, 'Mildly Unusual': 232, 'Strongly Unusual': 125, 'Highly Unusual': 111}",0.4735640449948426,0.031,"{'Medium Risk': 8331, 'Low Risk': 390, 'High Risk': 279}",1122.477530865582,2768.520024197941,0.9983233042609618,RandomForestRegressor
2026-04-05T10:01:15.051747+00:00,9000,3,0.3075402012710654,"{'High Value Customers': 3871, 'Low Activity Customers': 3830, 'Regular Customers': 1299}",0.0263333333333333,237,"{'Normal': 8538, 'Mildly Unusual': 225, 'Strongly Unusual': 124, 'Highly Unusual': 113}",0.4735707116615093,0.0305555555555555,"{'Medium Risk': 8352, 'Low Risk': 373, 'High Risk': 275}",1086.9434749041557,2763.6295955808528,0.998305155088626,RandomForestRegressor
2026-04-05T11:01:13.519221+00:00,9000,3,0.3075529949832493,"{'High Value Customers': 3863, 'Low Activity Customers': 3840, 'Regular Customers': 1297}",0.0263333333333333,237,"{'Normal': 8537, 'Mildly Unusual': 226, 'Strongly Unusual': 127, 'Highly Unusual': 110}",0.4735271561059538,0.0303333333333333,"{'Medium Risk': 8362, 'Low Risk': 365, 'High Risk': 273}",1105.5666319445943,2461.515637081485,0.998666374266384,RandomForestRegressor
2026-04-05T12:01:16.005027+00:00,9000,3,0.3075356089091275,"{'High Value Customers': 3866, 'Low Activity Customers': 3835, 'Regular Customers': 1299}",0.0262222222222222,236,"{'Normal': 8532, 'Mildly Unusual': 232, 'Strongly Unusual': 125, 'Highly Unusual': 111}",0.4735640449948426,0.031,"{'Medium Risk': 8331, 'Low Risk': 390, 'High Risk': 279}",1122.4775308655785,2768.520024197941,0.9983233042609618,RandomForestRegressor
2026-04-05T13:01:20.964680+00:00,9000,3,0.3075636850450358,"{'High Value Customers': 3871, 'Low Activity Customers': 3831, 'Regular Customers': 1298}",0.0263333333333333,237,"{'Normal': 8544, 'Mildly Unusual': 219, 'Strongly Unusual': 120, 'Highly Unusual': 117}",0.4735604894392871,0.0315555555555555,"{'Medium Risk': 8321, 'Low Risk': 395, 'High Risk': 284}",1107.2412253911125,2532.736079118984,0.9985950071182748,RandomForestRegressor
2026-04-05T14:01:24.733211+00:00,9000,3,0.3075636850450287,"{'High Value Customers': 3871, 'Low Activity Customers': 3831, 'Regular Customers': 1298}",0.0263333333333333,237,"{'Normal': 8544, 'Mildly Unusual': 219, 'Strongly Unusual': 120, 'Highly Unusual': 117}",0.4735604894392872,0.0315555555555555,"{'Medium Risk': 8321, 'Low Risk': 395, 'High Risk': 284}",1107.175519014455,2531.246847350345,0.9985966588852352,RandomForestRegressor
2026-04-05T15:01:36.267514+00:00,9000,3,0.3075402012710588,"{'High Value Customers': 3871, 'Low Activity Customers': 3830, 'Regular Customers': 1299}",0.0263333333333333,237,"{'Normal': 8538, 'Mildly Unusual': 225, 'Strongly Unusual': 124, 'Highly Unusual': 113}",0.4735707116615093,0.0305555555555555,"{'Medium Risk': 8352, 'Low Risk': 373, 'High Risk': 275}",1088.2924653210157,2768.57488037767,0.9982990840943248,RandomForestRegressor
2026-04-05T16:01:31.403521+00:00,9000,3,0.3075402012710654,"{'High Value Customers': 3871, 'Low Activity Customers': 3830, 'Regular Customers': 1299}",0.0263333333333333,237,"{'Normal': 8538, 'Mildly Unusual': 225, 'Strongly Unusual': 124, 'Highly Unusual': 113}",0.4735707116615093,0.0305555555555555,"{'Medium Risk': 8352, 'Low Risk': 373, 'High Risk': 275}",1086.9434749041577,2763.6295955808523,0.998305155088626,RandomForestRegressor
2026-04-05T17:01:36.667723+00:00,9000,3,0.3075402012710588,"{'High Value Customers': 3871, 'Low Activity Customers': 3830, 'Regular Customers': 1299}",0.0263333333333333,237,"{'Normal': 8538, 'Mildly Unusual': 225, 'Strongly Unusual': 124, 'Highly Unusual': 113}",0.4735707116615093,0.0305555555555555,"{'Medium Risk': 8352, 'Low Risk': 373, 'High Risk': 275}",1088.2924653210164,2768.574880377672,0.9982990840943248,RandomForestRegressor
2026-04-05T18:01:59.000715+00:00,9000,3,0.3075402012710654,"{'High Value Customers': 3871, 'Low Activity Customers': 3830, 'Regular Customers': 1299}",0.0263333333333333,237,"{'Normal': 8538, 'Mildly Unusual': 225, 'Strongly Unusual': 124, 'Highly Unusual': 113}",0.4735707116615093,0.0305555555555555,"{'Medium Risk': 8352, 'Low Risk': 373, 'High Risk': 275}",1086.943474904154,2763.629595580847,0.998305155088626,RandomForestRegressor
2026-04-05T19:01:37.615110+00:00,9000,3,0.3075402012710654,"{'High Value Customers': 3871, 'Low Activity Customers': 3830, 'Regular Customers': 1299}",0.0263333333333333,237,"{'Normal': 8538, 'Mildly Unusual': 225, 'Strongly Unusual': 124, 'Highly Unusual': 113}",0.4735707116615093,0.0305555555555555,"{'Medium Risk': 8352, 'Low Risk': 373, 'High Risk': 275}",1086.9434749041552,2763.629595580848,0.998305155088626,RandomForestRegressor
2026-04-05T20:01:23.742388+00:00,9000,3,0.3075402012710588,"{'High Value Customers': 3871, 'Low Activity Customers': 3830, 'Regular Customers': 1299}",0.0263333333333333,237,"{'Normal': 8538, 'Mildly Unusual': 225, 'Strongly Unusual': 124, 'Highly Unusual': 113}",0.4735707116615093,0.0305555555555555,"{'Medium Risk': 8352, 'Low Risk': 373, 'High Risk': 275}",1088.2924653210162,2768.574880377668,0.9982990840943248,RandomForestRegressor
2026-04-05T21:01:36.334551+00:00,9000,3,0.3075636850450287,"{'High Value Customers': 3871, 'Low Activity Customers': 3831, 'Regular Customers': 1298}",0.0263333333333333,237,"{'Normal': 8544, 'Mildly Unusual': 219, 'Strongly Unusual': 120, 'Highly Unusual': 117}",0.4735604894392872,0.0315555555555555,"{'Medium Risk': 8321, 'Low Risk': 395, 'High Risk': 284}",1107.1755190144547,2531.246847350342,0.9985966588852352,RandomForestRegressor
2026-04-05T22:01:34.610254+00:00,9000,3,0.3075395921535696,"{'High Value Customers': 3869, 'Low Activity Customers': 3832, 'Regular Customers': 1299}",0.026,234,"{'Normal': 8530, 'Mildly Unusual': 236, 'Strongly Unusual': 127, 'Highly Unusual': 107}",0.4735582672170648,0.0297777777777777,"{'Medium Risk': 8351, 'Low Risk': 381, 'High Risk': 268}",1169.2547150553846,2853.7750698415466,0.9981992670206118,RandomForestRegressor
2026-04-05T23:01:42.726820+00:00,9000,3,0.3075402012710654,"{'High Value Customers': 3871, 'Low Activity Customers': 3830, 'Regular Customers': 1299}",0.0263333333333333,237,"{'Normal': 8538, 'Mildly Unusual': 225, 'Strongly Unusual': 124, 'Highly Unusual': 113}",0.4735707116615093,0.0305555555555555,"{'Medium Risk': 8352, 'Low Risk': 373, 'High Risk': 275}",1086.943474904155,2763.6295955808496,0.998305155088626,RandomForestRegressor
2026-04-06T00:01:34.199939+00:00,9000,3,0.3075402012710588,"{'High Value Customers': 3871, 'Low Activity Customers': 3830, 'Regular Customers': 1299}",0.0263333333333333,237,"{'Normal': 8538, 'Mildly Unusual': 225, 'Strongly Unusual': 124, 'Highly Unusual': 113}",0.4735707116615093,0.0305555555555555,"{'Medium Risk': 8352, 'Low Risk': 373, 'High Risk': 275}",1088.292465321012,2768.574880377668,0.9982990840943248,RandomForestRegressor
2026-04-06T01:01:19.784739+00:00,9000,3,0.3075529949832517,"{'High Value Customers': 3863, 'Low Activity Customers': 3840, 'Regular Customers': 1297}",0.0263333333333333,237,"{'Normal': 8537, 'Mildly Unusual': 226, 'Strongly Unusual': 127, 'Highly Unusual': 110}",0.4735271561059538,0.0303333333333333,"{'Medium Risk': 8362, 'Low Risk': 365, 'High Risk': 273}",1105.179976039649,2461.125310612398,0.9986667971831784,RandomForestRegressor
2026-04-06T02:01:12.048901+00:00,9000,3,0.3075529949832493,"{'High Value Customers': 3863, 'Low Activity Customers': 3840, 'Regular Customers': 1297}",0.0263333333333333,237,"{'Normal': 8537, 'Mildly Unusual': 226, 'Strongly Unusual': 127, 'Highly Unusual': 110}",0.4735271561059538,0.0303333333333333,"{'Medium Risk': 8362, 'Low Risk': 365, 'High Risk': 273}",1105.5666319445947,2461.515637081485,0.998666374266384,RandomForestRegressor
2026-04-06T03:01:29.284714+00:00,9000,3,0.3075356089091275,"{'High Value Customers': 3866, 'Low Activity Customers': 3835, 'Regular Customers': 1299}",0.0262222222222222,236,"{'Normal': 8532, 'Mildly Unusual': 232, 'Strongly Unusual': 125, 'Highly Unusual': 111}",0.4735640449948426,0.031,"{'Medium Risk': 8331, 'Low Risk': 390, 'High Risk': 279}",1122.4775308655817,2768.520024197941,0.9983233042609618,RandomForestRegressor
2026-04-06T04:01:33.228900+00:00,9000,3,0.3075402012710588,"{'High Value Customers': 3871, 'Low Activity Customers': 3830, 'Regular Customers': 1299}",0.0263333333333333,237,"{'Normal': 8538, 'Mildly Unusual': 225, 'Strongly Unusual': 124, 'Highly Unusual': 113}",0.4735707116615093,0.0305555555555555,"{'Medium Risk': 8352, 'Low Risk': 373, 'High Risk': 275}",1088.2924653210189,2768.5748803776723,0.9982990840943248,RandomForestRegressor
2026-04-06T04:43:18.795923+00:00,9000,3,0.3075402012710588,"{'High Value Customers': 3871, 'Low Activity Customers': 3830, 'Regular Customers': 1299}",0.0263333333333333,237,"{'Normal': 8538, 'Mildly Unusual': 225, 'Strongly Unusual': 124, 'Highly Unusual': 113}",0.4735707116615093,0.0305555555555555,"{'Medium Risk': 8352, 'Low Risk': 373, 'High Risk': 275}",1088.2924653210157,2768.574880377669,0.9982990840943248,RandomForestRegressor
2026-04-06T05:01:34.487356+00:00,9000,3,0.3075402012710588,"{'High Value Customers': 3871, 'Low Activity Customers': 3830, 'Regular Customers': 1299}",0.0263333333333333,237,"{'Normal': 8538, 'Mildly Unusual': 225, 'Strongly Unusual': 124, 'Highly Unusual': 113}",0.4735707116615093,0.0305555555555555,"{'Medium Risk': 8352, 'Low Risk': 373, 'High Risk': 275}",1088.2924653210175,2768.57488037767,0.9982990840943248,RandomForestRegressor
2026-04-06T05:18:20.871091+00:00,9000,3,0.3075529949832493,"{'High Value Customers': 3863, 'Low Activity Customers': 3840, 'Regular Customers': 1297}",0.0263333333333333,237,"{'Normal': 8537, 'Mildly Unusual': 226, 'Strongly Unusual': 127, 'Highly Unusual': 110}",0.4735271561059538,0.0303333333333333,"{'Medium Risk': 8362, 'Low Risk': 365, 'High Risk': 273}",1105.5666319445952,2461.5156370814875,0.998666374266384,RandomForestRegressor
2026-04-06T06:01:21.937761+00:00,9000,3,0.3075402012710654,"{'High Value Customers': 3871, 'Low Activity Customers': 3830, 'Regular Customers': 1299}",0.0263333333333333,237,"{'Normal': 8538, 'Mildly Unusual': 225, 'Strongly Unusual': 124, 'Highly Unusual': 113}",0.4735707116615093,0.0305555555555555,"{'Medium Risk': 8352, 'Low Risk': 373, 'High Risk': 275}",1086.9434749041577,2763.6295955808514,0.998305155088626,RandomForestRegressor
2026-04-06T07:01:17.321409+00:00,9000,3,0.3075636850450287,"{'High Value Customers': 3871, 'Low Activity Customers': 3831, 'Regular Customers': 1298}",0.0263333333333333,237,"{'Normal': 8544, 'Mildly Unusual': 219, 'Strongly Unusual': 120, 'Highly Unusual': 117}",0.4735604894392872,0.0315555555555555,"{'Medium Risk': 8321, 'Low Risk': 395, 'High Risk': 284}",1107.1755190144554,2531.246847350345,0.9985966588852352,RandomForestRegressor
2026-04-06T08:01:19.048325+00:00,9000,3,0.3075636850450358,"{'High Value Customers': 3871, 'Low Activity Customers': 3831, 'Regular Customers': 1298}",0.0263333333333333,237,"{'Normal': 8544, 'Mildly Unusual': 219, 'Strongly Unusual': 120, 'Highly Unusual': 117}",0.4735604894392871,0.0315555555555555,"{'Medium Risk': 8321, 'Low Risk': 395, 'High Risk': 284}",1107.2412253911143,2532.736079118985,0.9985950071182748,RandomForestRegressor
2026-04-06T09:01:15.236674+00:00,9000,3,0.3075402012710654,"{'High Value Customers': 3871, 'Low Activity Customers': 3830, 'Regular Customers': 1299}",0.0263333333333333,237,"{'Normal': 8538, 'Mildly Unusual': 225, 'Strongly Unusual': 124, 'Highly Unusual': 113}",0.4735707116615093,0.0305555555555555,"{'Medium Risk': 8352, 'Low Risk': 373, 'High Risk': 275}",1086.9434749041588,2763.629595580851,0.998305155088626,RandomForestRegressor
2026-04-06T10:01:14.598153+00:00,9000,3,0.3075395921535696,"{'High Value Customers': 3869, 'Low Activity Customers': 3832, 'Regular Customers': 1299}",0.026,234,"{'Normal': 8530, 'Mildly Unusual': 236, 'Strongly Unusual': 127, 'Highly Unusual': 107}",0.4735582672170648,0.0297777777777777,"{'Medium Risk': 8351, 'Low Risk': 381, 'High Risk': 268}",1169.2547150553846,2853.7750698415475,0.9981992670206118,RandomForestRegressor
2026-04-06T11:01:16.545867+00:00,9000,3,0.3075402012710654,"{'High Value Customers': 3871, 'Low Activity Customers': 3830, 'Regular Customers': 1299}",0.0263333333333333,237,"{'Normal': 8538, 'Mildly Unusual': 225, 'Strongly Unusual': 124, 'Highly Unusual': 113}",0.4735707116615093,0.0305555555555555,"{'Medium Risk': 8352, 'Low Risk': 373, 'High Risk': 275}",1086.943474904155,2763.6295955808505,0.998305155088626,RandomForestRegressor
2026-04-06T12:01:16.558640+00:00,9000,3,0.3075636850450287,"{'High Value Customers': 3871, 'Low Activity Customers': 3831, 'Regular Customers': 1298}",0.0263333333333333,237,"{'Normal': 8544, 'Mildly Unusual': 219, 'Strongly Unusual': 120, 'Highly Unusual': 117}",0.4735604894392872,0.0315555555555555,"{'Medium Risk': 8321, 'Low Risk': 395, 'High Risk': 284}",1107.175519014455,2531.246847350347,0.9985966588852352,RandomForestRegressor
2026-04-06T13:01:15.254449+00:00,9000,3,0.3075529949832517,"{'High Value Customers': 3863, 'Low Activity Customers': 3840, 'Regular Customers': 1297}",0.0263333333333333,237,"{'Normal': 8537, 'Mildly Unusual': 226, 'Strongly Unusual': 127, 'Highly Unusual': 110}",0.4735271561059538,0.0303333333333333,"{'Medium Risk': 8362, 'Low Risk': 365, 'High Risk': 273}",1105.1799760396495,2461.125310612402,0.9986667971831784,RandomForestRegressor
2026-04-06T14:01:14.094947+00:00,9000,3,0.3075402012710588,"{'High Value Customers': 3871, 'Low Activity Customers': 3830, 'Regular Customers': 1299}",0.0263333333333333,237,"{'Normal': 8538, 'Mildly Unusual': 225, 'Strongly Unusual': 124, 'Highly Unusual': 113}",0.4735707116615093,0.0305555555555555,"{'Medium Risk': 8352, 'Low Risk': 373, 'High Risk': 275}",1088.292465321014,2768.574880377668,0.9982990840943248,RandomForestRegressor
2026-04-06T15:01:19.875150+00:00,9000,3,0.3075402012710588,"{'High Value Customers': 3871, 'Low Activity Customers': 3830, 'Regular Customers': 1299}",0.0263333333333333,237,"{'Normal': 8538, 'Mildly Unusual': 225, 'Strongly Unusual': 124, 'Highly Unusual': 113}",0.4735707116615093,0.0305555555555555,"{'Medium Risk': 8352, 'Low Risk': 373, 'High Risk': 275}",1088.2924653210152,2768.574880377671,0.9982990840943248,RandomForestRegressor
2026-04-06T16:01:39.171083+00:00,9000,3,0.3075529949832493,"{'High Value Customers': 3863, 'Low Activity Customers': 3840, 'Regular Customers': 1297}",0.0263333333333333,237,"{'Normal': 8537, 'Mildly Unusual': 226, 'Strongly Unusual': 127, 'Highly Unusual': 110}",0.4735271561059538,0.0303333333333333,"{'Medium Risk': 8362, 'Low Risk': 365, 'High Risk': 273}",1105.5666319445968,2461.5156370814884,0.998666374266384,RandomForestRegressor
2026-04-06T17:01:28.489986+00:00,9000,3,0.3075636850450358,"{'High Value Customers': 3871, 'Low Activity Customers': 3831, 'Regular Customers': 1298}",0.0263333333333333,237,"{'Normal': 8544, 'Mildly Unusual': 219, 'Strongly Unusual': 120, 'Highly Unusual': 117}",0.4735604894392871,0.0315555555555555,"{'Medium Risk': 8321, 'Low Risk': 395, 'High Risk': 284}",1107.2412253911168,2532.736079118985,0.9985950071182748,RandomForestRegressor
2026-04-06T17:25:28.228137+00:00,9000,3,0.3075705224576125,"{'High Value Customers': 3880, 'Low Activity Customers': 3822, 'Regular Customers': 1298}",0.026,234,"{'Normal': 8533, 'Mildly Unusual': 233, 'Strongly Unusual': 122, 'Highly Unusual': 112}",0.4736098227726205,0.0307777777777777,"{'Medium Risk': 8351, 'Low Risk': 372, 'High Risk': 277}",1105.1406947939263,2692.069486844117,0.998350396865764,RandomForestRegressor
2026-04-06T18:01:21.967247+00:00,9000,3,0.3075529949832517,"{'High Value Customers': 3863, 'Low Activity Customers': 3840, 'Regular Customers': 1297}",0.0263333333333333,237,"{'Normal': 8537, 'Mildly Unusual': 226, 'Strongly Unusual': 127, 'Highly Unusual': 110}",0.4735271561059538,0.0303333333333333,"{'Medium Risk': 8362, 'Low Risk': 365, 'High Risk': 273}",1105.179976039651,2461.125310612403,0.9986667971831784,RandomForestRegressor
2026-04-06T19:01:24.286748+00:00,9000,3,0.3075529949832493,"{'High Value Customers': 3863, 'Low Activity Customers': 3840, 'Regular Customers': 1297}",0.0263333333333333,237,"{'Normal': 8537, 'Mildly Unusual': 226, 'Strongly Unusual': 127, 'Highly Unusual': 110}",0.4735271561059538,0.0303333333333333,"{'Medium Risk': 8362, 'Low Risk': 365, 'High Risk': 273}",1105.566631944596,2461.515637081487,0.998666374266384,RandomForestRegressor
2026-04-06T19:21:06.884707+00:00,9000,3,0.3075636850450358,"{'High Value Customers': 3871, 'Low Activity Customers': 3831, 'Regular Customers': 1298}",0.0263333333333333,237,"{'Normal': 8544, 'Mildly Unusual': 219, 'Strongly Unusual': 120, 'Highly Unusual': 117}",0.4735604894392871,0.0315555555555555,"{'Medium Risk': 8321, 'Low Risk': 395, 'High Risk': 284}",1107.2412253911136,2532.736079118984,0.9985950071182748,RandomForestRegressor
2026-04-06T20:01:33.269895+00:00,9000,3,0.3075402012710654,"{'High Value Customers': 3871, 'Low Activity Customers': 3830, 'Regular Customers': 1299}",0.0263333333333333,237,"{'Normal': 8538, 'Mildly Unusual': 225, 'Strongly Unusual': 124, 'Highly Unusual': 113}",0.4735707116615093,0.0305555555555555,"{'Medium Risk': 8352, 'Low Risk': 373, 'High Risk': 275}",1086.9434749041563,2763.629595580848,0.998305155088626,RandomForestRegressor
2026-04-06T21:02:30.912420+00:00,9000,3,0.3075636850450287,"{'High Value Customers': 3871, 'Low Activity Customers': 3831, 'Regular Customers': 1298}",0.0263333333333333,237,"{'Normal': 8544, 'Mildly Unusual': 219, 'Strongly Unusual': 120, 'Highly Unusual': 117}",0.4735604894392872,0.0315555555555555,"{'Medium Risk': 8321, 'Low Risk': 395, 'High Risk': 284}",1107.1755190144545,2531.246847350344,0.9985966588852352,RandomForestRegressor
2026-04-06T21:34:52.090122+00:00,9000,3,0.3075529949832517,"{'High Value Customers': 3863, 'Low Activity Customers': 3840, 'Regular Customers': 1297}",0.0263333333333333,237,"{'Normal': 8537, 'Mildly Unusual': 226, 'Strongly Unusual': 127, 'Highly Unusual': 110}",0.4735271561059538,0.0303333333333333,"{'Medium Risk': 8362, 'Low Risk': 365, 'High Risk': 273}",1105.1799760396514,2461.1253106124,0.9986667971831784,RandomForestRegressor
2026-04-06T22:01:51.661454+00:00,9000,3,0.3075402012710654,"{'High Value Customers': 3871, 'Low Activity Customers': 3830, 'Regular Customers': 1299}",0.0263333333333333,237,"{'Normal': 8538, 'Mildly Unusual': 225, 'Strongly Unusual': 124, 'Highly Unusual': 113}",0.4735707116615093,0.0305555555555555,"{'Medium Risk': 8352, 'Low Risk': 373, 'High Risk': 275}",1086.9434749041527,2763.629595580851,0.998305155088626,RandomForestRegressor
2026-04-06T22:23:07.606955+00:00,9000,3,0.3075395921535696,"{'High Value Customers': 3869, 'Low Activity Customers': 3832, 'Regular Customers': 1299}",0.026,234,"{'Normal': 8530, 'Mildly Unusual': 236, 'Strongly Unusual': 127, 'Highly Unusual': 107}",0.4735582672170648,0.0297777777777777,"{'Medium Risk': 8351, 'Low Risk': 381, 'High Risk': 268}",1169.2547150553892,2853.775069841555,0.9981992670206118,RandomForestRegressor
2026-04-06T22:34:54.705226+00:00,9000,3,0.3075636850450358,"{'High Value Customers': 3871, 'Low Activity Customers': 3831, 'Regular Customers': 1298}",0.0263333333333333,237,"{'Normal': 8544, 'Mildly Unusual': 219, 'Strongly Unusual': 120, 'Highly Unusual': 117}",0.4735604894392871,0.0315555555555555,"{'Medium Risk': 8321, 'Low Risk': 395, 'High Risk': 284}",1107.241225391116,2532.736079118987,0.9985950071182748,RandomForestRegressor
2026-04-06T22:52:37.131061+00:00,9000,3,0.3075529949832517,"{'High Value Customers': 3863, 'Low Activity Customers': 3840, 'Regular Customers': 1297}",0.0263333333333333,237,"{'Normal': 8537, 'Mildly Unusual': 226, 'Strongly Unusual': 127, 'Highly Unusual': 110}",0.4735271561059538,0.0303333333333333,"{'Medium Risk': 8362, 'Low Risk': 365, 'High Risk': 273}",1105.1799760396505,2461.125310612399,0.9986667971831784,RandomForestRegressor
2026-04-06T23:01:39.137432+00:00,9000,3,0.3075529949832493,"{'High Value Customers': 3863, 'Low Activity Customers': 3840, 'Regular Customers': 1297}",0.0263333333333333,237,"{'Normal': 8537, 'Mildly Unusual': 226, 'Strongly Unusual': 127, 'Highly Unusual': 110}",0.4735271561059538,0.0303333333333333,"{'Medium Risk': 8362, 'Low Risk': 365, 'High Risk': 273}",1105.5666319445936,2461.515637081485,0.998666374266384,RandomForestRegressor
2026-04-06T23:15:58.757694+00:00,9000,3,0.3075356089091275,"{'High Value Customers': 3866, 'Low Activity Customers': 3835, 'Regular Customers': 1299}",0.0262222222222222,236,"{'Normal': 8532, 'Mildly Unusual': 232, 'Strongly Unusual': 125, 'Highly Unusual': 111}",0.4735640449948426,0.031,"{'Medium Risk': 8331, 'Low Risk': 390, 'High Risk': 279}",1122.4775308655828,2768.520024197944,0.9983233042609618,RandomForestRegressor
2026-04-06T23:27:06.862260+00:00,9000,3,0.3075356089091275,"{'High Value Customers': 3866, 'Low Activity Customers': 3835, 'Regular Customers': 1299}",0.0262222222222222,236,"{'Normal': 8532, 'Mildly Unusual': 232, 'Strongly Unusual': 125, 'Highly Unusual': 111}",0.4735640449948426,0.031,"{'Medium Risk': 8331, 'Low Risk': 390, 'High Risk': 279}",1122.477530865578,2768.5200241979355,0.9983233042609618,RandomForestRegressor
2026-04-07T00:01:28.023424+00:00,9000,3,0.3075529949832517,"{'High Value Customers': 3863, 'Low Activity Customers': 3840, 'Regular Customers': 1297}",0.0263333333333333,237,"{'Normal': 8537, 'Mildly Unusual': 226, 'Strongly Unusual': 127, 'Highly Unusual': 110}",0.4735271561059538,0.0303333333333333,"{'Medium Risk': 8362, 'Low Risk': 365, 'High Risk': 273}",1105.1799760396489,2461.1253106124,0.9986667971831784,RandomForestRegressor
2026-04-07T01:01:34.542117+00:00,9000,3,0.3075529949832517,"{'High Value Customers': 3863, 'Low Activity Customers': 3840, 'Regular Customers': 1297}",0.0263333333333333,237,"{'Normal': 8537, 'Mildly Unusual': 226, 'Strongly Unusual': 127, 'Highly Unusual': 110}",0.4735271561059538,0.0303333333333333,"{'Medium Risk': 8362, 'Low Risk': 365, 'High Risk': 273}",1105.1799760396489,2461.125310612398,0.9986667971831784,RandomForestRegressor
2026-04-07T02:02:04.754772+00:00,9000,3,0.3075395921535696,"{'High Value Customers': 3869, 'Low Activity Customers': 3832, 'Regular Customers': 1299}",0.026,234,"{'Normal': 8530, 'Mildly Unusual': 236, 'Strongly Unusual': 127, 'Highly Unusual': 107}",0.4735582672170648,0.0297777777777777,"{'Medium Risk': 8351, 'Low Risk': 381, 'High Risk': 268}",1169.2547150553853,2853.775069841548,0.9981992670206118,RandomForestRegressor
2026-04-07T03:02:17.291799+00:00,9000,3,0.3075529949832493,"{'High Value Customers': 3863, 'Low Activity Customers': 3840, 'Regular Customers': 1297}",0.0263333333333333,237,"{'Normal': 8537, 'Mildly Unusual': 226, 'Strongly Unusual': 127, 'Highly Unusual': 110}",0.4735271561059538,0.0303333333333333,"{'Medium Risk': 8362, 'Low Risk': 365, 'High Risk': 273}",1105.5666319445957,2461.5156370814907,0.998666374266384,RandomForestRegressor
2026-04-07T04:02:59.222627+00:00,9000,3,0.3075395921535696,"{'High Value Customers': 3869, 'Low Activity Customers': 3832, 'Regular Customers': 1299}",0.026,234,"{'Normal': 8530, 'Mildly Unusual': 236, 'Strongly Unusual': 127, 'Highly Unusual': 107}",0.4735582672170648,0.0297777777777777,"{'Medium Risk': 8351, 'Low Risk': 381, 'High Risk': 268}",1169.2547150553853,2853.775069841549,0.9981992670206118,RandomForestRegressor
2026-04-07T05:03:08.498260+00:00,9000,3,0.3075402012710654,"{'High Value Customers': 3871, 'Low Activity Customers': 3830, 'Regular Customers': 1299}",0.0263333333333333,237,"{'Normal': 8538, 'Mildly Unusual': 225, 'Strongly Unusual': 124, 'Highly Unusual': 113}",0.4735707116615093,0.0305555555555555,"{'Medium Risk': 8352, 'Low Risk': 373, 'High Risk': 275}",1086.9434749041586,2763.6295955808496,0.998305155088626,RandomForestRegressor
2026-04-07T06:01:31.325499+00:00,9000,3,0.3075529949832517,"{'High Value Customers': 3863, 'Low Activity Customers': 3840, 'Regular Customers': 1297}",0.0263333333333333,237,"{'Normal': 8537, 'Mildly Unusual': 226, 'Strongly Unusual': 127, 'Highly Unusual': 110}",0.4735271561059538,0.0303333333333333,"{'Medium Risk': 8362, 'Low Risk': 365, 'High Risk': 273}",1105.1799760396502,2461.1253106124013,0.9986667971831784,RandomForestRegressor
2026-04-07T07:01:21.868288+00:00,9000,3,0.3075529949832493,"{'High Value Customers': 3863, 'Low Activity Customers': 3840, 'Regular Customers': 1297}",0.0263333333333333,237,"{'Normal': 8537, 'Mildly Unusual': 226, 'Strongly Unusual': 127, 'Highly Unusual': 110}",0.4735271561059538,0.0303333333333333,"{'Medium Risk': 8362, 'Low Risk': 365, 'High Risk': 273}",1105.5666319445934,2461.515637081487,0.998666374266384,RandomForestRegressor
2026-04-07T08:01:30.702889+00:00,9000,3,0.3075402012710654,"{'High Value Customers': 3871, 'Low Activity Customers': 3830, 'Regular Customers': 1299}",0.0263333333333333,237,"{'Normal': 8538, 'Mildly Unusual': 225, 'Strongly Unusual': 124, 'Highly Unusual': 113}",0.4735707116615093,0.0305555555555555,"{'Medium Risk': 8352, 'Low Risk': 373, 'High Risk': 275}",1086.943474904155,2763.629595580846,0.998305155088626,RandomForestRegressor
2026-04-07T09:01:21.781833+00:00,9000,3,0.3075529949832517,"{'High Value Customers': 3863, 'Low Activity Customers': 3840, 'Regular Customers': 1297}",0.0263333333333333,237,"{'Normal': 8537, 'Mildly Unusual': 226, 'Strongly Unusual': 127, 'Highly Unusual': 110}",0.4735271561059538,0.0303333333333333,"{'Medium Risk': 8362, 'Low Risk': 365, 'High Risk': 273}",1105.1799760396484,2461.1253106124004,0.9986667971831784,RandomForestRegressor
2026-04-07T10:01:19.925595+00:00,9000,3,0.3075402012710654,"{'High Value Customers': 3871, 'Low Activity Customers': 3830, 'Regular Customers': 1299}",0.0263333333333333,237,"{'Normal': 8538, 'Mildly Unusual': 225, 'Strongly Unusual': 124, 'Highly Unusual': 113}",0.4735707116615093,0.0305555555555555,"{'Medium Risk': 8352, 'Low Risk': 373, 'High Risk': 275}",1086.943474904157,2763.6295955808514,0.998305155088626,RandomForestRegressor
2026-04-07T11:01:20.990161+00:00,9000,3,0.3075395921535696,"{'High Value Customers': 3869, 'Low Activity Customers': 3832, 'Regular Customers': 1299}",0.026,234,"{'Normal': 8530, 'Mildly Unusual': 236, 'Strongly Unusual': 127, 'Highly Unusual': 107}",0.4735582672170648,0.0297777777777777,"{'Medium Risk': 8351, 'Low Risk': 381, 'High Risk': 268}",1169.2547150553862,2853.7750698415457,0.9981992670206118,RandomForestRegressor
2026-04-07T12:01:19.430604+00:00,9000,3,0.3075636850450358,"{'High Value Customers': 3871, 'Low Activity Customers': 3831, 'Regular Customers': 1298}",0.0263333333333333,237,"{'Normal': 8544, 'Mildly Unusual': 219, 'Strongly Unusual': 120, 'Highly Unusual': 117}",0.4735604894392871,0.0315555555555555,"{'Medium Risk': 8321, 'Low Risk': 395, 'High Risk': 284}",1107.2412253911154,2532.736079118985,0.9985950071182748,RandomForestRegressor
2026-04-07T13:01:38.796594+00:00,9000,3,0.3075636850450358,"{'High Value Customers': 3871, 'Low Activity Customers': 3831, 'Regular Customers': 1298}",0.0263333333333333,237,"{'Normal': 8544, 'Mildly Unusual': 219, 'Strongly Unusual': 120, 'Highly Unusual': 117}",0.4735604894392871,0.0315555555555555,"{'Medium Risk': 8321, 'Low Risk': 395, 'High Risk': 284}",1107.2412253911143,2532.7360791189853,0.9985950071182748,RandomForestRegressor
2026-04-07T14:01:36.623625+00:00,9000,3,0.3075402012710588,"{'High Value Customers': 3871, 'Low Activity Customers': 3830, 'Regular Customers': 1299}",0.0263333333333333,237,"{'Normal': 8538, 'Mildly Unusual': 225, 'Strongly Unusual': 124, 'Highly Unusual': 113}",0.4735707116615093,0.0305555555555555,"{'Medium Risk': 8352, 'Low Risk': 373, 'High Risk': 275}",1088.2924653210173,2768.574880377673,0.9982990840943248,RandomForestRegressor
2026-04-07T15:01:32.126347+00:00,9000,3,0.3075636850450287,"{'High Value Customers': 3871, 'Low Activity Customers': 3831, 'Regular Customers': 1298}",0.0263333333333333,237,"{'Normal': 8544, 'Mildly Unusual': 219, 'Strongly Unusual': 120, 'Highly Unusual': 117}",0.4735604894392872,0.0315555555555555,"{'Medium Risk': 8321, 'Low Risk': 395, 'High Risk': 284}",1107.1755190144547,2531.246847350344,0.9985966588852352,RandomForestRegressor
2026-04-07T16:20:03.775081+00:00,9000,3,0.3075636850450287,"{'High Value Customers': 3871, 'Low Activity Customers': 3831, 'Regular Customers': 1298}",0.0263333333333333,237,"{'Normal': 8544, 'Mildly Unusual': 219, 'Strongly Unusual': 120, 'Highly Unusual': 117}",0.4735604894392872,0.0315555555555555,"{'Medium Risk': 8321, 'Low Risk': 395, 'High Risk': 284}",1107.175519014455,2531.2468473503427,0.9985966588852352,RandomForestRegressor
2026-04-07T17:01:21.098335+00:00,9000,3,0.3075402012710588,"{'High Value Customers': 3871, 'Low Activity Customers': 3830, 'Regular Customers': 1299}",0.0263333333333333,237,"{'Normal': 8538, 'Mildly Unusual': 225, 'Strongly Unusual': 124, 'Highly Unusual': 113}",0.4735707116615093,0.0305555555555555,"{'Medium Risk': 8352, 'Low Risk': 373, 'High Risk': 275}",1088.2924653210168,2768.5748803776737,0.9982990840943248,RandomForestRegressor
2026-04-07T18:01:20.333751+00:00,9000,3,0.3075636850450287,"{'High Value Customers': 3871, 'Low Activity Customers': 3831, 'Regular Customers': 1298}",0.0263333333333333,237,"{'Normal': 8544, 'Mildly Unusual': 219, 'Strongly Unusual': 120, 'Highly Unusual': 117}",0.4735604894392872,0.0315555555555555,"{'Medium Risk': 8321, 'Low Risk': 395, 'High Risk': 284}",1107.1755190144563,2531.2468473503463,0.9985966588852352,RandomForestRegressor
2026-04-07T19:01:25.624572+00:00,9000,3,0.3075529949832517,"{'High Value Customers': 3863, 'Low Activity Customers': 3840, 'Regular Customers': 1297}",0.0263333333333333,237,"{'Normal': 8537, 'Mildly Unusual': 226, 'Strongly Unusual': 127, 'Highly Unusual': 110}",0.4735271561059538,0.0303333333333333,"{'Medium Risk': 8362, 'Low Risk': 365, 'High Risk': 273}",1105.1799760396502,2461.1253106124004,0.9986667971831784,RandomForestRegressor
2026-04-07T20:01:25.898337+00:00,9000,3,0.3075402012710588,"{'High Value Customers': 3871, 'Low Activity Customers': 3830, 'Regular Customers': 1299}",0.0263333333333333,237,"{'Normal': 8538, 'Mildly Unusual': 225, 'Strongly Unusual': 124, 'Highly Unusual': 113}",0.4735707116615093,0.0305555555555555,"{'Medium Risk': 8352, 'Low Risk': 373, 'High Risk': 275}",1088.2924653210157,2768.5748803776687,0.9982990840943248,RandomForestRegressor
2026-04-07T21:01:23.118961+00:00,9000,3,0.3075402012710654,"{'High Value Customers': 3871, 'Low Activity Customers': 3830, 'Regular Customers': 1299}",0.0263333333333333,237,"{'Normal': 8538, 'Mildly Unusual': 225, 'Strongly Unusual': 124, 'Highly Unusual': 113}",0.4735707116615093,0.0305555555555555,"{'Medium Risk': 8352, 'Low Risk': 373, 'High Risk': 275}",1086.9434749041611,2763.6295955808523,0.998305155088626,RandomForestRegressor
2026-04-07T22:01:17.852062+00:00,9000,3,0.3075529949832493,"{'High Value Customers': 3863, 'Low Activity Customers': 3840, 'Regular Customers': 1297}",0.0263333333333333,237,"{'Normal': 8537, 'Mildly Unusual': 226, 'Strongly Unusual': 127, 'Highly Unusual': 110}",0.4735271561059538,0.0303333333333333,"{'Medium Risk': 8362, 'Low Risk': 365, 'High Risk': 273}",1105.566631944596,2461.515637081487,0.998666374266384,RandomForestRegressor
2026-04-07T23:01:21.437916+00:00,9000,3,0.3075395921535696,"{'High Value Customers': 3869, 'Low Activity Customers': 3832, 'Regular Customers': 1299}",0.026,234,"{'Normal': 8530, 'Mildly Unusual': 236, 'Strongly Unusual': 127, 'Highly Unusual': 107}",0.4735582672170648,0.0297777777777777,"{'Medium Risk': 8351, 'Low Risk': 381, 'High Risk': 268}",1169.2547150553874,2853.775069841549,0.9981992670206118,RandomForestRegressor
2026-04-08T00:01:35.983974+00:00,9000,3,0.3075402012710588,"{'High Value Customers': 3871, 'Low Activity Customers': 3830, 'Regular Customers': 1299}",0.0263333333333333,237,"{'Normal': 8538, 'Mildly Unusual': 225, 'Strongly Unusual': 124, 'Highly Unusual': 113}",0.4735707116615093,0.0305555555555555,"{'Medium Risk': 8352, 'Low Risk': 373, 'High Risk': 275}",1088.2924653210148,2768.574880377671,0.9982990840943248,RandomForestRegressor
2026-04-08T01:01:18.765876+00:00,9000,3,0.3075636850450358,"{'High Value Customers': 3871, 'Low Activity Customers': 3831, 'Regular Customers': 1298}",0.0263333333333333,237,"{'Normal': 8544, 'Mildly Unusual': 219, 'Strongly Unusual': 120, 'Highly Unusual': 117}",0.4735604894392871,0.0315555555555555,"{'Medium Risk': 8321, 'Low Risk': 395, 'High Risk': 284}",1107.2412253911166,2532.736079118987,0.9985950071182748,RandomForestRegressor
2026-04-08T02:01:37.366955+00:00,9000,3,0.3075529949832493,"{'High Value Customers': 3863, 'Low Activity Customers': 3840, 'Regular Customers': 1297}",0.0263333333333333,237,"{'Normal': 8537, 'Mildly Unusual': 226, 'Strongly Unusual': 127, 'Highly Unusual': 110}",0.4735271561059538,0.0303333333333333,"{'Medium Risk': 8362, 'Low Risk': 365, 'High Risk': 273}",1105.5666319445943,2461.5156370814857,0.998666374266384,RandomForestRegressor
2026-04-08T05:41:56.005494+00:00,9000,3,0.3075529949832517,"{'High Value Customers': 3863, 'Low Activity Customers': 3840, 'Regular Customers': 1297}",0.0263333333333333,237,"{'Normal': 8537, 'Mildly Unusual': 226, 'Strongly Unusual': 127, 'Highly Unusual': 110}",0.4735271561059538,0.0303333333333333,"{'Medium Risk': 8362, 'Low Risk': 365, 'High Risk': 273}",1105.1799760396505,2461.1253106123963,0.9986667971831784,RandomForestRegressor
2026-04-08T05:51:59.979898+00:00,9000,3,0.3075395921535696,"{'High Value Customers': 3869, 'Low Activity Customers': 3832, 'Regular Customers': 1299}",0.026,234,"{'Normal': 8530, 'Mildly Unusual': 236, 'Strongly Unusual': 127, 'Highly Unusual': 107}",0.4735582672170648,0.0297777777777777,"{'Medium Risk': 8351, 'Low Risk': 381, 'High Risk': 268}",1169.2547150553864,2853.775069841549,0.9981992670206118,RandomForestRegressor
2026-04-08T06:01:17.455731+00:00,9000,3,0.3075356089091275,"{'High Value Customers': 3866, 'Low Activity Customers': 3835, 'Regular Customers': 1299}",0.0262222222222222,236,"{'Normal': 8532, 'Mildly Unusual': 232, 'Strongly Unusual': 125, 'Highly Unusual': 111}",0.4735640449948426,0.031,"{'Medium Risk': 8331, 'Low Risk': 390, 'High Risk': 279}",1122.4775308655771,2768.5200241979373,0.9983233042609618,RandomForestRegressor
2026-04-08T07:01:28.497820+00:00,9000,3,0.3075636850450358,"{'High Value Customers': 3871, 'Low Activity Customers': 3831, 'Regular Customers': 1298}",0.0263333333333333,237,"{'Normal': 8544, 'Mildly Unusual': 219, 'Strongly Unusual': 120, 'Highly Unusual': 117}",0.4735604894392871,0.0315555555555555,"{'Medium Risk': 8321, 'Low Risk': 395, 'High Risk': 284}",1107.241225391115,2532.736079118984,0.9985950071182748,RandomForestRegressor
2026-04-08T08:01:23.200411+00:00,9000,3,0.3075636850450358,"{'High Value Customers': 3871, 'Low Activity Customers': 3831, 'Regular Customers': 1298}",0.0263333333333333,237,"{'Normal': 8544, 'Mildly Unusual': 219, 'Strongly Unusual': 120, 'Highly Unusual': 117}",0.4735604894392871,0.0315555555555555,"{'Medium Risk': 8321, 'Low Risk': 395, 'High Risk': 284}",1107.241225391114,2532.7360791189835,0.9985950071182748,RandomForestRegressor
2026-04-08T09:01:15.838682+00:00,9000,3,0.3075402012710588,"{'High Value Customers': 3871, 'Low Activity Customers': 3830, 'Regular Customers': 1299}",0.0263333333333333,237,"{'Normal': 8538, 'Mildly Unusual': 225, 'Strongly Unusual': 124, 'Highly Unusual': 113}",0.4735707116615093,0.0305555555555555,"{'Medium Risk': 8352, 'Low Risk': 373, 'High Risk': 275}",1088.292465321017,2768.5748803776723,0.9982990840943248,RandomForestRegressor
2026-04-08T10:01:19.705210+00:00,9000,3,0.3075356089091275,"{'High Value Customers': 3866, 'Low Activity Customers': 3835, 'Regular Customers': 1299}",0.0262222222222222,236,"{'Normal': 8532, 'Mildly Unusual': 232, 'Strongly Unusual': 125, 'Highly Unusual': 111}",0.4735640449948426,0.031,"{'Medium Risk': 8331, 'Low Risk': 390, 'High Risk': 279}",1122.477530865579,2768.52002419794,0.9983233042609618,RandomForestRegressor
2026-04-08T11:01:21.265136+00:00,9000,3,0.3075395921535696,"{'High Value Customers': 3869, 'Low Activity Customers': 3832, 'Regular Customers': 1299}",0.026,234,"{'Normal': 8530, 'Mildly Unusual': 236, 'Strongly Unusual': 127, 'Highly Unusual': 107}",0.4735582672170648,0.0297777777777777,"{'Medium Risk': 8351, 'Low Risk': 381, 'High Risk': 268}",1169.2547150553862,2853.775069841549,0.9981992670206118,RandomForestRegressor
2026-04-08T12:01:17.472536+00:00,9000,3,0.3075636850450287,"{'High Value Customers': 3871, 'Low Activity Customers': 3831, 'Regular Customers': 1298}",0.0263333333333333,237,"{'Normal': 8544, 'Mildly Unusual': 219, 'Strongly Unusual': 120, 'Highly Unusual': 117}",0.4735604894392872,0.0315555555555555,"{'Medium Risk': 8321, 'Low Risk': 395, 'High Risk': 284}",1107.1755190144556,2531.246847350348,0.9985966588852352,RandomForestRegressor
2026-04-08T13:01:16.589618+00:00,9000,3,0.3075402012710588,"{'High Value Customers': 3871, 'Low Activity Customers': 3830, 'Regular Customers': 1299}",0.0263333333333333,237,"{'Normal': 8538, 'Mildly Unusual': 225, 'Strongly Unusual': 124, 'Highly Unusual': 113}",0.4735707116615093,0.0305555555555555,"{'Medium Risk': 8352, 'Low Risk': 373, 'High Risk': 275}",1088.292465321014,2768.5748803776696,0.9982990840943248,RandomForestRegressor
2026-04-08T14:01:16.216803+00:00,9000,3,0.3075529949832517,"{'High Value Customers': 3863, 'Low Activity Customers': 3840, 'Regular Customers': 1297}",0.0263333333333333,237,"{'Normal': 8537, 'Mildly Unusual': 226, 'Strongly Unusual': 127, 'Highly Unusual': 110}",0.4735271561059538,0.0303333333333333,"{'Medium Risk': 8362, 'Low Risk': 365, 'High Risk': 273}",1105.179976039651,2461.1253106123963,0.9986667971831784,RandomForestRegressor
2026-04-08T15:01:18.696565+00:00,9000,3,0.3075395921535696,"{'High Value Customers': 3869, 'Low Activity Customers': 3832, 'Regular Customers': 1299}",0.026,234,"{'Normal': 8530, 'Mildly Unusual': 236, 'Strongly Unusual': 127, 'Highly Unusual': 107}",0.4735582672170648,0.0297777777777777,"{'Medium Risk': 8351, 'Low Risk': 381, 'High Risk': 268}",1169.2547150553846,2853.7750698415475,0.9981992670206118,RandomForestRegressor
2026-04-08T16:01:16.664924+00:00,9000,3,0.3075402012710654,"{'High Value Customers': 3871, 'Low Activity Customers': 3830, 'Regular Customers': 1299}",0.0263333333333333,237,"{'Normal': 8538, 'Mildly Unusual': 225, 'Strongly Unusual': 124, 'Highly Unusual': 113}",0.4735707116615093,0.0305555555555555,"{'Medium Risk': 8352, 'Low Risk': 373, 'High Risk': 275}",1086.9434749041534,2763.629595580846,0.998305155088626,RandomForestRegressor
2026-04-08T17:01:17.792471+00:00,9000,3,0.3075636850450287,"{'High Value Customers': 3871, 'Low Activity Customers': 3831, 'Regular Customers': 1298}",0.0263333333333333,237,"{'Normal': 8544, 'Mildly Unusual': 219, 'Strongly Unusual': 120, 'Highly Unusual': 117}",0.4735604894392872,0.0315555555555555,"{'Medium Risk': 8321, 'Low Risk': 395, 'High Risk': 284}",1107.1755190144554,2531.2468473503463,0.9985966588852352,RandomForestRegressor
2026-04-08T18:01:29.517110+00:00,9000,3,0.3075402012710654,"{'High Value Customers': 3871, 'Low Activity Customers': 3830, 'Regular Customers': 1299}",0.0263333333333333,237,"{'Normal': 8538, 'Mildly Unusual': 225, 'Strongly Unusual': 124, 'Highly Unusual': 113}",0.4735707116615093,0.0305555555555555,"{'Medium Risk': 8352, 'Low Risk': 373, 'High Risk': 275}",1086.9434749041536,2763.629595580847,0.998305155088626,RandomForestRegressor
2026-04-08T18:21:29.841885+00:00,9000,3,0.3075402012710654,"{'High Value Customers': 3871, 'Low Activity Customers': 3830, 'Regular Customers': 1299}",0.0263333333333333,237,"{'Normal': 8538, 'Mildly Unusual': 225, 'Strongly Unusual': 124, 'Highly Unusual': 113}",0.4735707116615093,0.0305555555555555,"{'Medium Risk': 8352, 'Low Risk': 373, 'High Risk': 275}",1086.9434749041577,2763.6295955808523,0.998305155088626,RandomForestRegressor
2026-04-08T18:36:13.485157+00:00,9000,3,0.3075529949832517,"{'High Value Customers': 3863, 'Low Activity Customers': 3840, 'Regular Customers': 1297}",0.0263333333333333,237,"{'Normal': 8537, 'Mildly Unusual': 226, 'Strongly Unusual': 127, 'Highly Unusual': 110}",0.4735271561059538,0.0303333333333333,"{'Medium Risk': 8362, 'Low Risk': 365, 'High Risk': 273}",1105.1799760396511,2461.1253106123963,0.9986667971831784,RandomForestRegressor
2026-04-08T18:49:28.082916+00:00,9000,3,0.3075529949832517,"{'High Value Customers': 3863, 'Low Activity Customers': 3840, 'Regular Customers': 1297}",0.0263333333333333,237,"{'Normal': 8537, 'Mildly Unusual': 226, 'Strongly Unusual': 127, 'Highly Unusual': 110}",0.4735271561059538,0.0303333333333333,"{'Medium Risk': 8362, 'Low Risk': 365, 'High Risk': 273}",1105.17997603965,2461.125310612399,0.9986667971831784,RandomForestRegressor
2026-04-08T19:01:31.155717+00:00,9000,3,0.3075636850450287,"{'High Value Customers': 3871, 'Low Activity Customers': 3831, 'Regular Customers': 1298}",0.0263333333333333,237,"{'Normal': 8544, 'Mildly Unusual': 219, 'Strongly Unusual': 120, 'Highly Unusual': 117}",0.4735604894392872,0.0315555555555555,"{'Medium Risk': 8321, 'Low Risk': 395, 'High Risk': 284}",1107.1755190144531,2531.2468473503445,0.9985966588852352,RandomForestRegressor
2026-04-08T20:01:41.976136+00:00,9000,3,0.3075402012710654,"{'High Value Customers': 3871, 'Low Activity Customers': 3830, 'Regular Customers': 1299}",0.0263333333333333,237,"{'Normal': 8538, 'Mildly Unusual': 225, 'Strongly Unusual': 124, 'Highly Unusual': 113}",0.4735707116615093,0.0305555555555555,"{'Medium Risk': 8352, 'Low Risk': 373, 'High Risk': 275}",1086.943474904156,2763.629595580851,0.998305155088626,RandomForestRegressor
2026-04-08T21:01:27.727564+00:00,9000,3,0.3075529949832493,"{'High Value Customers': 3863, 'Low Activity Customers': 3840, 'Regular Customers': 1297}",0.0263333333333333,237,"{'Normal': 8537, 'Mildly Unusual': 226, 'Strongly Unusual': 127, 'Highly Unusual': 110}",0.4735271561059538,0.0303333333333333,"{'Medium Risk': 8362, 'Low Risk': 365, 'High Risk': 273}",1105.566631944595,2461.5156370814866,0.998666374266384,RandomForestRegressor
2026-04-08T22:01:29.864375+00:00,9000,3,0.3075395921535696,"{'High Value Customers': 3869, 'Low Activity Customers': 3832, 'Regular Customers': 1299}",0.026,234,"{'Normal': 8530, 'Mildly Unusual': 236, 'Strongly Unusual': 127, 'Highly Unusual': 107}",0.4735582672170648,0.0297777777777777,"{'Medium Risk': 8351, 'Low Risk': 381, 'High Risk': 268}",1169.2547150553837,2853.775069841549,0.9981992670206118,RandomForestRegressor
2026-04-08T23:01:19.289742+00:00,9000,3,0.3075636850450358,"{'High Value Customers': 3871, 'Low Activity Customers': 3831, 'Regular Customers': 1298}",0.0263333333333333,237,"{'Normal': 8544, 'Mildly Unusual': 219, 'Strongly Unusual': 120, 'Highly Unusual': 117}",0.4735604894392871,0.0315555555555555,"{'Medium Risk': 8321, 'Low Risk': 395, 'High Risk': 284}",1107.2412253911154,2532.736079118987,0.9985950071182748,RandomForestRegressor
2026-04-09T00:01:21.208947+00:00,9000,3,0.3075636850450358,"{'High Value Customers': 3871, 'Low Activity Customers': 3831, 'Regular Customers': 1298}",0.0263333333333333,237,"{'Normal': 8544, 'Mildly Unusual': 219, 'Strongly Unusual': 120, 'Highly Unusual': 117}",0.4735604894392871,0.0315555555555555,"{'Medium Risk': 8321, 'Low Risk': 395, 'High Risk': 284}",1107.241225391116,2532.736079118986,0.9985950071182748,RandomForestRegressor
2026-04-09T01:07:18.061411+00:00,9000,3,0.3075529949832517,"{'High Value Customers': 3863, 'Low Activity Customers': 3840, 'Regular Customers': 1297}",0.0263333333333333,237,"{'Normal': 8537, 'Mildly Unusual': 226, 'Strongly Unusual': 127, 'Highly Unusual': 110}",0.4735271561059538,0.0303333333333333,"{'Medium Risk': 8362, 'Low Risk': 365, 'High Risk': 273}",1105.179976039652,2461.1253106124004,0.9986667971831784,RandomForestRegressor
2026-04-09T01:58:21.116984+00:00,9000,3,0.3075636850450287,"{'High Value Customers': 3871, 'Low Activity Customers': 3831, 'Regular Customers': 1298}",0.0263333333333333,237,"{'Normal': 8544, 'Mildly Unusual': 219, 'Strongly Unusual': 120, 'Highly Unusual': 117}",0.4735604894392872,0.0315555555555555,"{'Medium Risk': 8321, 'Low Risk': 395, 'High Risk': 284}",1107.1755190144552,2531.246847350344,0.9985966588852352,RandomForestRegressor
2026-04-09T02:10:36.996415+00:00,9000,3,0.3075636850450358,"{'High Value Customers': 3871, 'Low Activity Customers': 3831, 'Regular Customers': 1298}",0.0263333333333333,237,"{'Normal': 8544, 'Mildly Unusual': 219, 'Strongly Unusual': 120, 'Highly Unusual': 117}",0.4735604894392871,0.0315555555555555,"{'Medium Risk': 8321, 'Low Risk': 395, 'High Risk': 284}",1107.2412253911143,2532.736079118985,0.9985950071182748,RandomForestRegressor
2026-04-09T02:21:42.241731+00:00,9000,3,0.3075636850450358,"{'High Value Customers': 3871, 'Low Activity Customers': 3831, 'Regular Customers': 1298}",0.0263333333333333,237,"{'Normal': 8544, 'Mildly Unusual': 219, 'Strongly Unusual': 120, 'Highly Unusual': 117}",0.4735604894392871,0.0315555555555555,"{'Medium Risk': 8321, 'Low Risk': 395, 'High Risk': 284}",1107.241225391114,2532.736079118983,0.9985950071182748,RandomForestRegressor
2026-04-09T02:33:00.878295+00:00,9000,3,0.3075402012710654,"{'High Value Customers': 3871, 'Low Activity Customers': 3830, 'Regular Customers': 1299}",0.0263333333333333,237,"{'Normal': 8538, 'Mildly Unusual': 225, 'Strongly Unusual': 124, 'Highly Unusual': 113}",0.4735707116615093,0.0305555555555555,"{'Medium Risk': 8352, 'Low Risk': 373, 'High Risk': 275}",1086.9434749041577,2763.629595580851,0.998305155088626,RandomForestRegressor
2026-04-09T03:01:33.049731+00:00,9000,3,0.3075402012710654,"{'High Value Customers': 3871, 'Low Activity Customers': 3830, 'Regular Customers': 1299}",0.0263333333333333,237,"{'Normal': 8538, 'Mildly Unusual': 225, 'Strongly Unusual': 124, 'Highly Unusual': 113}",0.4735707116615093,0.0305555555555555,"{'Medium Risk': 8352, 'Low Risk': 373, 'High Risk': 275}",1086.943474904156,2763.629595580848,0.998305155088626,RandomForestRegressor
2026-04-09T04:01:36.780074+00:00,9000,3,0.3075529949832517,"{'High Value Customers': 3863, 'Low Activity Customers': 3840, 'Regular Customers': 1297}",0.0263333333333333,237,"{'Normal': 8537, 'Mildly Unusual': 226, 'Strongly Unusual': 127, 'Highly Unusual': 110}",0.4735271561059538,0.0303333333333333,"{'Medium Risk': 8362, 'Low Risk': 365, 'High Risk': 273}",1105.17997603965,2461.1253106123995,0.9986667971831784,RandomForestRegressor
2026-04-10T01:11:56.845325+00:00,9000,3,0.3075402012710654,"{'High Value Customers': 3871, 'Low Activity Customers': 3830, 'Regular Customers': 1299}",0.0263333333333333,237,"{'Normal': 8538, 'Mildly Unusual': 225, 'Strongly Unusual': 124, 'Highly Unusual': 113}",0.4735707116615093,0.0305555555555555,"{'Medium Risk': 8352, 'Low Risk': 373, 'High Risk': 275}",1086.9434749041511,2763.6295955808487,0.998305155088626,RandomForestRegressor
2026-04-10T02:01:55.791010+00:00,9000,3,0.3075636850450287,"{'High Value Customers': 3871, 'Low Activity Customers': 3831, 'Regular Customers': 1298}",0.0263333333333333,237,"{'Normal': 8544, 'Mildly Unusual': 219, 'Strongly Unusual': 120, 'Highly Unusual': 117}",0.4735604894392872,0.0315555555555555,"{'Medium Risk': 8321, 'Low Risk': 395, 'High Risk': 284}",1107.175519014456,2531.246847350346,0.9985966588852352,RandomForestRegressor
2026-04-10T03:01:46.121594+00:00,9000,3,0.3075636850450358,"{'High Value Customers': 3871, 'Low Activity Customers': 3831, 'Regular Customers': 1298}",0.0263333333333333,237,"{'Normal': 8544, 'Mildly Unusual': 219, 'Strongly Unusual': 120, 'Highly Unusual': 117}",0.4735604894392871,0.0315555555555555,"{'Medium Risk': 8321, 'Low Risk': 395, 'High Risk': 284}",1107.2412253911098,2532.736079118982,0.9985950071182748,RandomForestRegressor
2026-04-10T21:49:37.410006+00:00,9000,3,0.3075402012710654,"{'High Value Customers': 3871, 'Low Activity Customers': 3830, 'Regular Customers': 1299}",0.0263333333333333,237,"{'Normal': 8538, 'Mildly Unusual': 225, 'Strongly Unusual': 124, 'Highly Unusual': 113}",0.4735707116615093,0.0305555555555555,"{'Medium Risk': 8352, 'Low Risk': 373, 'High Risk': 275}",1086.9434749041582,2763.6295955808514,0.998305155088626,RandomForestRegressor
2026-04-10T22:04:10.628025+00:00,9000,3,0.30755299498324934,"{'High Value Customers': 3863, 'Low Activity Customers': 3840, 'Regular Customers': 1297}",0.026333333333333334,237,"{'Normal': 8537, 'Mildly Unusual': 226, 'Strongly Unusual': 127, 'Highly Unusual': 110}",0.4735271561059538,0.030333333333333334,"{'Medium Risk': 8362, 'Low Risk': 365, 'High Risk': 273}",1105.5666319445943,2461.515637081489,0.9986663742663839,RandomForestRegressor
